Sent At,Direction
"10/17/20, 9:54 PM",OUTGOING
"10/17/20, 1:21 AM",OUTGOING
"10/17/20, 1:21 AM",OUTGOING
"10/17/20, 1:21 AM",OUTGOING
"10/17/20, 1:21 AM",OUTGOING
"10/17/20, 1:20 AM",OUTGOING
"10/16/20, 7:12 AM",OUTGOING
"10/16/20, 7:04 AM",OUTGOING
"10/16/20, 7:04 AM",OUTGOING
"10/15/20, 8:47 AM",OUTGOING
"10/15/20, 8:45 AM",OUTGOING
"10/14/20, 7:54 AM",OUTGOING
"10/14/20, 7:50 AM",OUTGOING
"10/14/20, 7:50 AM",OUTGOING
"10/13/20, 10:33 AM",OUTGOING
"10/13/20, 12:13 AM",OUTGOING
"10/12/20, 11:55 PM",OUTGOING
"10/12/20, 11:52 PM",OUTGOING
"10/11/20, 10:19 AM",OUTGOING
"10/11/20, 2:28 AM",OUTGOING
"10/11/20, 2:28 AM",OUTGOING
"10/11/20, 2:28 AM",OUTGOING
"10/11/20, 2:28 AM",OUTGOING
"10/11/20, 2:28 AM",OUTGOING
"10/11/20, 2:28 AM",OUTGOING
"10/11/20, 2:28 AM",OUTGOING
"10/10/20, 11:00 PM",OUTGOING
"10/10/20, 3:36 PM",OUTGOING
"10/10/20, 3:35 PM",OUTGOING
"10/10/20, 1:56 PM",OUTGOING
"10/10/20, 1:48 PM",OUTGOING
"10/10/20, 2:14 AM",OUTGOING
"10/9/20, 12:14 AM",OUTGOING
"10/8/20, 9:17 AM",OUTGOING
"10/6/20, 11:29 PM",OUTGOING
"10/6/20, 10:39 AM",OUTGOING
"10/6/20, 8:38 AM",OUTGOING
"10/6/20, 8:05 AM",OUTGOING
"10/6/20, 8:04 AM",OUTGOING
"10/5/20, 9:45 PM",OUTGOING
"10/4/20, 10:32 PM",OUTGOING
"10/4/20, 10:32 PM",OUTGOING
"10/4/20, 10:32 PM",OUTGOING
"10/4/20, 10:32 PM",OUTGOING
"10/4/20, 10:32 PM",OUTGOING
"10/4/20, 10:32 PM",OUTGOING
"10/4/20, 10:32 PM",OUTGOING
"10/4/20, 10:32 PM",OUTGOING
"10/4/20, 10:32 PM",OUTGOING
"10/4/20, 7:43 AM",OUTGOING
"10/4/20, 6:54 AM",OUTGOING
"10/4/20, 6:54 AM",OUTGOING
"10/4/20, 6:54 AM",OUTGOING
"10/4/20, 6:53 AM",OUTGOING
"10/4/20, 6:53 AM",OUTGOING
"10/4/20, 6:53 AM",OUTGOING
"10/4/20, 6:53 AM",OUTGOING
"10/4/20, 6:52 AM",OUTGOING
"10/4/20, 6:53 AM",OUTGOING
"10/4/20, 6:50 AM",OUTGOING
"10/3/20, 8:08 AM",OUTGOING
"10/3/20, 3:10 AM",OUTGOING
"10/2/20, 10:45 PM",OUTGOING
"10/2/20, 10:45 PM",OUTGOING
"10/1/20, 7:03 AM",OUTGOING
"10/1/20, 6:04 AM",OUTGOING
"9/30/20, 1:25 PM",OUTGOING
"9/30/20, 1:20 PM",OUTGOING
"9/30/20, 11:38 AM",OUTGOING
"9/30/20, 9:47 AM",OUTGOING
"9/30/20, 9:45 AM",OUTGOING
"9/30/20, 9:45 AM",OUTGOING
"9/30/20, 9:45 AM",OUTGOING
"9/30/20, 9:45 AM",OUTGOING
"9/29/20, 11:04 AM",OUTGOING
"9/29/20, 11:04 AM",OUTGOING
"9/29/20, 7:45 AM",OUTGOING
"9/29/20, 7:44 AM",OUTGOING
"9/29/20, 6:31 AM",OUTGOING
"9/28/20, 11:46 PM",OUTGOING
"9/28/20, 11:29 PM",OUTGOING
"9/28/20, 10:10 PM",OUTGOING
"9/28/20, 10:10 PM",OUTGOING
"9/28/20, 10:10 PM",OUTGOING
"9/28/20, 10:09 PM",OUTGOING
"9/28/20, 10:10 PM",OUTGOING
"9/28/20, 10:02 PM",OUTGOING
"9/28/20, 9:59 PM",OUTGOING
"9/25/20, 11:30 PM",OUTGOING
"9/25/20, 11:19 PM",OUTGOING
"9/25/20, 9:04 AM",OUTGOING
"9/25/20, 9:04 AM",OUTGOING
"9/25/20, 8:38 AM",OUTGOING
"9/25/20, 12:04 AM",OUTGOING
"9/24/20, 9:48 PM",OUTGOING
"9/24/20, 7:38 AM",OUTGOING
"9/24/20, 1:20 AM",OUTGOING
"9/23/20, 9:41 AM",OUTGOING
"9/23/20, 5:19 AM",OUTGOING
"9/22/20, 11:20 PM",OUTGOING
"9/22/20, 10:16 PM",OUTGOING
"9/21/20, 2:57 AM",OUTGOING
"9/20/20, 1:32 PM",OUTGOING
"9/20/20, 1:31 PM",OUTGOING
"9/19/20, 8:30 PM",OUTGOING
"9/19/20, 12:21 PM",OUTGOING
"9/19/20, 12:21 PM",OUTGOING
"9/19/20, 12:21 PM",OUTGOING
"9/19/20, 12:21 PM",OUTGOING
"9/19/20, 12:21 PM",OUTGOING
"9/19/20, 12:21 PM",OUTGOING
"9/18/20, 9:24 PM",OUTGOING
"9/18/20, 9:20 PM",OUTGOING
"9/18/20, 4:27 PM",OUTGOING
"9/16/20, 3:31 PM",OUTGOING
"9/16/20, 3:27 PM",OUTGOING
"9/16/20, 3:23 PM",OUTGOING
"9/16/20, 3:18 PM",OUTGOING
"9/16/20, 3:17 PM",OUTGOING
"9/16/20, 1:50 AM",OUTGOING
"9/16/20, 1:49 AM",OUTGOING
"9/16/20, 1:48 AM",OUTGOING
"9/16/20, 1:49 AM",OUTGOING
"9/16/20, 1:49 AM",OUTGOING
"9/16/20, 1:48 AM",OUTGOING
"9/16/20, 1:48 AM",OUTGOING
"9/16/20, 1:48 AM",OUTGOING
"9/16/20, 1:48 AM",OUTGOING
"9/16/20, 1:48 AM",OUTGOING
"9/16/20, 1:48 AM",OUTGOING
"9/15/20, 12:09 AM",OUTGOING
"9/14/20, 8:00 PM",OUTGOING
"9/14/20, 7:55 PM",OUTGOING
"9/14/20, 11:28 AM",OUTGOING
"9/14/20, 11:28 AM",OUTGOING
"9/14/20, 11:28 AM",OUTGOING
"9/14/20, 11:28 AM",OUTGOING
"9/14/20, 11:28 AM",OUTGOING
"9/14/20, 11:28 AM",OUTGOING
"9/14/20, 11:27 AM",OUTGOING
"9/14/20, 11:28 AM",OUTGOING
"9/14/20, 11:26 AM",OUTGOING
"9/14/20, 11:23 AM",OUTGOING
"9/13/20, 11:18 AM",OUTGOING
"9/13/20, 10:49 AM",OUTGOING
"9/13/20, 12:49 AM",OUTGOING
"9/13/20, 12:43 AM",OUTGOING
"9/12/20, 8:43 PM",OUTGOING
"9/12/20, 8:20 PM",OUTGOING
"9/11/20, 10:12 PM",OUTGOING
"9/11/20, 4:57 PM",OUTGOING
"9/11/20, 4:06 PM",OUTGOING
"9/11/20, 3:39 AM",OUTGOING
"9/10/20, 7:41 PM",OUTGOING
"9/10/20, 3:32 PM",OUTGOING
"9/10/20, 12:14 PM",OUTGOING
"9/10/20, 12:14 PM",OUTGOING
"9/10/20, 12:14 PM",OUTGOING
"9/10/20, 12:15 PM",OUTGOING
"9/10/20, 12:15 PM",OUTGOING
"9/10/20, 12:14 PM",OUTGOING
"9/10/20, 12:14 PM",OUTGOING
"9/10/20, 12:14 PM",OUTGOING
"9/10/20, 12:14 PM",OUTGOING
"9/10/20, 12:14 PM",OUTGOING
"9/10/20, 12:14 PM",OUTGOING
"9/10/20, 12:14 PM",OUTGOING
"9/10/20, 12:14 PM",OUTGOING
"9/10/20, 12:14 PM",OUTGOING
"9/10/20, 12:14 PM",OUTGOING
"9/10/20, 10:20 AM",OUTGOING
"9/9/20, 11:29 PM",OUTGOING
"9/9/20, 11:55 AM",OUTGOING
"9/9/20, 11:29 AM",OUTGOING
"9/8/20, 10:34 PM",OUTGOING
"9/8/20, 10:34 PM",OUTGOING
"9/8/20, 10:33 PM",OUTGOING
"9/8/20, 10:31 PM",OUTGOING
"9/8/20, 10:30 PM",OUTGOING
"9/8/20, 4:47 PM",OUTGOING
"9/8/20, 4:45 PM",OUTGOING
"9/8/20, 4:45 PM",OUTGOING
"9/8/20, 4:44 PM",OUTGOING
"9/8/20, 4:44 PM",OUTGOING
"9/8/20, 3:48 PM",OUTGOING
"9/8/20, 3:47 PM",OUTGOING
"9/8/20, 3:45 PM",OUTGOING
"9/8/20, 3:45 PM",OUTGOING
"9/8/20, 3:45 PM",OUTGOING
"9/8/20, 3:45 PM",OUTGOING
"9/8/20, 2:11 PM",OUTGOING
"9/7/20, 5:18 PM",OUTGOING
"9/7/20, 1:27 PM",OUTGOING
"9/7/20, 11:06 AM",OUTGOING
"9/4/20, 2:09 PM",OUTGOING
"9/4/20, 2:09 PM",OUTGOING
"9/4/20, 2:09 PM",OUTGOING
"9/4/20, 2:09 PM",OUTGOING
"9/4/20, 2:08 PM",OUTGOING
"9/4/20, 2:00 PM",OUTGOING
"9/4/20, 1:57 PM",OUTGOING
"9/4/20, 1:50 PM",OUTGOING
"9/4/20, 1:50 PM",OUTGOING
"9/4/20, 1:50 PM",OUTGOING
"9/4/20, 1:24 PM",OUTGOING
"9/3/20, 11:43 AM",OUTGOING
"9/3/20, 11:43 AM",OUTGOING
"9/3/20, 11:02 AM",OUTGOING
"9/3/20, 11:01 AM",OUTGOING
"9/3/20, 10:58 AM",OUTGOING
"9/1/20, 10:12 PM",OUTGOING
"9/1/20, 9:53 PM",OUTGOING
"8/31/20, 5:14 AM",OUTGOING
"8/30/20, 2:13 PM",OUTGOING
"8/30/20, 2:13 PM",OUTGOING
"8/30/20, 2:12 PM",OUTGOING
"8/30/20, 2:09 PM",OUTGOING
"8/28/20, 8:48 AM",OUTGOING
"8/27/20, 1:26 PM",OUTGOING
"8/27/20, 1:25 PM",OUTGOING
"8/27/20, 1:26 PM",OUTGOING
"8/27/20, 1:25 PM",OUTGOING
"8/27/20, 1:26 PM",OUTGOING
"8/27/20, 1:26 PM",OUTGOING
"8/27/20, 1:26 PM",OUTGOING
"8/27/20, 1:25 PM",OUTGOING
"8/27/20, 1:25 PM",OUTGOING
"8/27/20, 1:26 PM",OUTGOING
"8/27/20, 1:26 PM",OUTGOING
"8/27/20, 1:25 PM",OUTGOING
"8/27/20, 1:26 PM",OUTGOING
"8/27/20, 1:25 PM",OUTGOING
"8/27/20, 1:26 PM",OUTGOING
"8/27/20, 1:25 PM",OUTGOING
"8/27/20, 1:25 PM",OUTGOING
"8/27/20, 1:25 PM",OUTGOING
"8/27/20, 1:25 PM",OUTGOING
"8/27/20, 1:25 PM",OUTGOING
"8/27/20, 1:24 PM",OUTGOING
"8/27/20, 1:24 PM",OUTGOING
"8/27/20, 1:07 AM",OUTGOING
"8/26/20, 12:11 PM",OUTGOING
"8/25/20, 11:24 PM",OUTGOING
"8/25/20, 12:02 AM",OUTGOING
"8/24/20, 3:34 AM",OUTGOING
"8/23/20, 9:10 AM",OUTGOING
"8/23/20, 9:10 AM",OUTGOING
"8/23/20, 9:10 AM",OUTGOING
"8/22/20, 4:55 PM",OUTGOING
"8/22/20, 4:30 PM",OUTGOING
"8/22/20, 12:08 PM",OUTGOING
"8/22/20, 12:08 PM",OUTGOING
"8/22/20, 12:08 PM",OUTGOING
"8/22/20, 12:08 PM",OUTGOING
"8/22/20, 12:08 PM",OUTGOING
"8/22/20, 12:07 PM",OUTGOING
"8/22/20, 12:08 PM",OUTGOING
"8/22/20, 12:07 PM",OUTGOING
"8/22/20, 11:54 AM",OUTGOING
"8/22/20, 11:43 AM",OUTGOING
"8/22/20, 11:34 AM",OUTGOING
"8/20/20, 2:27 PM",OUTGOING
"8/19/20, 8:22 PM",OUTGOING
"8/19/20, 2:20 PM",OUTGOING
"8/18/20, 3:09 PM",OUTGOING
"8/18/20, 3:04 PM",OUTGOING
"8/18/20, 3:01 PM",OUTGOING
"8/18/20, 3:00 PM",OUTGOING
"8/18/20, 3:00 PM",OUTGOING
"8/18/20, 2:59 PM",OUTGOING
"8/17/20, 4:57 AM",OUTGOING
"8/16/20, 10:41 AM",OUTGOING
"8/14/20, 4:50 AM",OUTGOING
"8/14/20, 4:50 AM",OUTGOING
"8/14/20, 4:50 AM",OUTGOING
"8/14/20, 4:50 AM",OUTGOING
"8/14/20, 4:50 AM",OUTGOING
"8/14/20, 4:50 AM",OUTGOING
"8/14/20, 4:50 AM",OUTGOING
"8/14/20, 4:50 AM",OUTGOING
"8/14/20, 4:50 AM",OUTGOING
"8/14/20, 4:49 AM",OUTGOING
"8/14/20, 4:49 AM",OUTGOING
"8/14/20, 4:49 AM",OUTGOING
"8/14/20, 4:34 AM",OUTGOING
"8/11/20, 3:42 AM",OUTGOING
"8/9/20, 11:14 PM",OUTGOING
"8/9/20, 11:14 PM",OUTGOING
"8/9/20, 11:12 PM",OUTGOING
"8/9/20, 5:02 PM",OUTGOING
"8/9/20, 11:20 AM",OUTGOING
"8/9/20, 11:13 AM",OUTGOING
"8/7/20, 11:38 AM",OUTGOING
"8/5/20, 7:52 AM",OUTGOING
"8/3/20, 5:16 PM",OUTGOING
"8/3/20, 5:16 PM",OUTGOING
"8/3/20, 5:16 PM",OUTGOING
"8/3/20, 5:16 PM",OUTGOING
"8/3/20, 5:16 PM",OUTGOING
"8/3/20, 5:16 PM",OUTGOING
"7/24/20, 9:45 AM",OUTGOING
"7/24/20, 9:42 AM",OUTGOING
"7/24/20, 7:46 AM",OUTGOING
"7/24/20, 7:24 AM",OUTGOING
"7/24/20, 6:11 AM",OUTGOING
"7/24/20, 6:09 AM",OUTGOING
"7/24/20, 1:14 AM",OUTGOING
"7/24/20, 1:11 AM",OUTGOING
"7/23/20, 12:57 PM",OUTGOING
"7/19/20, 9:42 AM",OUTGOING
"7/19/20, 9:32 AM",OUTGOING
"7/19/20, 9:09 AM",OUTGOING
"7/19/20, 9:08 AM",OUTGOING
"7/19/20, 3:51 AM",OUTGOING
"7/19/20, 3:52 AM",OUTGOING
"7/19/20, 3:51 AM",OUTGOING
"7/19/20, 3:51 AM",OUTGOING
"7/19/20, 3:51 AM",OUTGOING
"7/19/20, 3:51 AM",OUTGOING
"7/19/20, 3:51 AM",OUTGOING
"7/19/20, 3:51 AM",OUTGOING
"7/19/20, 3:51 AM",OUTGOING
"7/19/20, 3:51 AM",OUTGOING
"7/19/20, 3:50 AM",OUTGOING
"7/18/20, 2:01 AM",OUTGOING
"7/18/20, 2:01 AM",OUTGOING
"7/18/20, 2:01 AM",OUTGOING
"7/18/20, 2:01 AM",OUTGOING
"7/18/20, 2:01 AM",OUTGOING
"7/18/20, 2:01 AM",OUTGOING
"7/18/20, 2:01 AM",OUTGOING
"7/18/20, 2:01 AM",OUTGOING
"7/18/20, 2:01 AM",OUTGOING
"7/18/20, 2:01 AM",OUTGOING
"7/18/20, 2:01 AM",OUTGOING
"7/18/20, 2:01 AM",OUTGOING
"7/18/20, 2:01 AM",OUTGOING
"7/15/20, 8:47 PM",OUTGOING
"7/15/20, 8:44 PM",OUTGOING
"7/15/20, 8:41 PM",OUTGOING
"7/15/20, 3:03 AM",OUTGOING
"7/13/20, 8:34 PM",OUTGOING
"7/12/20, 5:42 AM",OUTGOING
"7/4/20, 7:26 AM",OUTGOING
"7/2/20, 6:58 AM",OUTGOING
"7/1/20, 7:30 AM",OUTGOING
"7/1/20, 6:55 AM",OUTGOING
"7/1/20, 2:55 AM",OUTGOING
"7/1/20, 2:50 AM",OUTGOING
"6/29/20, 4:55 PM",OUTGOING
"6/29/20, 4:56 PM",OUTGOING
"6/29/20, 4:56 PM",OUTGOING
"6/29/20, 4:55 PM",OUTGOING
"6/29/20, 4:55 PM",OUTGOING
"6/29/20, 4:55 PM",OUTGOING
"6/29/20, 4:55 PM",OUTGOING
"6/29/20, 4:55 PM",OUTGOING
"6/29/20, 4:55 PM",OUTGOING
"6/29/20, 4:55 PM",OUTGOING
"6/29/20, 4:55 PM",OUTGOING
"6/29/20, 4:55 PM",OUTGOING
"6/29/20, 9:10 AM",OUTGOING
"6/27/20, 7:10 PM",OUTGOING
"6/27/20, 7:09 PM",OUTGOING
"6/27/20, 1:48 AM",OUTGOING
"6/27/20, 1:48 AM",OUTGOING
"6/26/20, 2:52 AM",OUTGOING
"6/25/20, 4:44 AM",OUTGOING
"6/23/20, 2:56 PM",OUTGOING
"6/22/20, 4:02 PM",OUTGOING
"6/21/20, 11:32 PM",OUTGOING
"6/20/20, 11:55 PM",OUTGOING
"6/20/20, 11:55 PM",OUTGOING
"6/20/20, 11:54 PM",OUTGOING
"6/20/20, 11:54 PM",OUTGOING
"6/20/20, 11:54 PM",OUTGOING
"6/17/20, 2:24 AM",OUTGOING
"6/17/20, 2:24 AM",OUTGOING
"6/17/20, 2:24 AM",OUTGOING
"6/17/20, 2:24 AM",OUTGOING
"6/16/20, 5:33 AM",OUTGOING
"6/16/20, 12:23 AM",OUTGOING
"6/16/20, 12:16 AM",OUTGOING
"6/15/20, 11:09 AM",OUTGOING
"6/15/20, 8:37 AM",OUTGOING
"6/15/20, 7:09 AM",OUTGOING
"9/27/20, 1:39 AM",OUTGOING
"6/13/20, 3:51 AM",OUTGOING
"6/13/20, 3:51 AM",OUTGOING
"6/13/20, 3:51 AM",OUTGOING
"6/13/20, 3:51 AM",OUTGOING
"6/13/20, 3:15 AM",OUTGOING
"6/13/20, 3:15 AM",OUTGOING
"6/13/20, 3:15 AM",OUTGOING
"6/13/20, 1:37 AM",OUTGOING
"6/13/20, 12:40 AM",OUTGOING
"6/12/20, 11:16 PM",OUTGOING
"6/12/20, 8:22 PM",OUTGOING
"6/12/20, 8:20 PM",OUTGOING
"6/12/20, 4:52 AM",OUTGOING
"6/11/20, 3:00 PM",OUTGOING
"6/11/20, 3:00 PM",OUTGOING
"6/11/20, 3:00 PM",OUTGOING
"6/11/20, 3:00 PM",OUTGOING
"6/11/20, 2:59 PM",OUTGOING
"6/11/20, 2:59 PM",OUTGOING
"6/11/20, 2:58 PM",OUTGOING
"6/11/20, 2:58 PM",OUTGOING
"6/11/20, 2:58 PM",OUTGOING
"6/11/20, 1:31 PM",OUTGOING
"6/11/20, 1:30 PM",OUTGOING
"6/11/20, 1:31 PM",OUTGOING
"6/11/20, 1:30 PM",OUTGOING
"6/11/20, 6:30 AM",OUTGOING
"6/9/20, 8:24 PM",OUTGOING
"6/9/20, 9:05 AM",OUTGOING
"6/9/20, 9:05 AM",OUTGOING
"6/9/20, 9:05 AM",OUTGOING
"6/9/20, 9:05 AM",OUTGOING
"6/9/20, 9:04 AM",OUTGOING
"6/9/20, 9:04 AM",OUTGOING
"6/9/20, 8:59 AM",OUTGOING
"6/8/20, 6:27 PM",OUTGOING
"6/8/20, 8:22 AM",OUTGOING
"6/8/20, 8:19 AM",OUTGOING
"6/7/20, 10:20 PM",OUTGOING
"6/6/20, 9:46 PM",OUTGOING
"6/6/20, 9:46 PM",OUTGOING
"6/5/20, 10:50 PM",OUTGOING
"6/5/20, 12:18 PM",OUTGOING
"6/5/20, 12:13 PM",OUTGOING
"6/5/20, 10:14 AM",OUTGOING
"6/5/20, 10:11 AM",OUTGOING
"6/5/20, 12:39 AM",OUTGOING
"6/5/20, 12:39 AM",OUTGOING
"6/5/20, 12:39 AM",OUTGOING
"6/5/20, 12:39 AM",OUTGOING
"6/4/20, 3:27 PM",OUTGOING
"6/4/20, 3:16 PM",OUTGOING
"6/4/20, 3:16 PM",OUTGOING
"6/4/20, 3:16 PM",OUTGOING
"6/4/20, 3:16 PM",OUTGOING
"6/4/20, 3:16 PM",OUTGOING
"6/4/20, 3:16 PM",OUTGOING
"6/4/20, 3:16 PM",OUTGOING
"6/4/20, 3:16 PM",OUTGOING
"6/4/20, 3:16 PM",OUTGOING
"6/4/20, 3:16 PM",OUTGOING
"6/4/20, 3:16 PM",OUTGOING
"6/4/20, 3:15 PM",OUTGOING
"6/4/20, 3:16 PM",OUTGOING
"6/4/20, 3:15 PM",OUTGOING
"6/4/20, 3:15 PM",OUTGOING
"6/4/20, 8:45 AM",OUTGOING
"6/3/20, 3:16 PM",OUTGOING
"6/3/20, 3:16 PM",OUTGOING
"6/3/20, 3:16 PM",OUTGOING
"6/3/20, 3:15 PM",OUTGOING
"6/2/20, 12:05 PM",OUTGOING
"6/2/20, 12:05 PM",OUTGOING
"6/2/20, 12:05 PM",OUTGOING
"6/2/20, 12:05 PM",OUTGOING
"6/1/20, 4:00 AM",OUTGOING
"6/1/20, 3:59 AM",OUTGOING
"6/1/20, 3:59 AM",OUTGOING
"6/1/20, 3:59 AM",OUTGOING
"6/1/20, 3:59 AM",OUTGOING
"6/1/20, 3:59 AM",OUTGOING
"5/31/20, 2:19 PM",OUTGOING
"5/31/20, 4:39 AM",OUTGOING
"5/31/20, 4:39 AM",OUTGOING
"5/31/20, 4:38 AM",OUTGOING
"5/30/20, 4:54 PM",OUTGOING
"5/30/20, 11:20 AM",OUTGOING
"5/30/20, 11:19 AM",OUTGOING
"5/30/20, 11:20 AM",OUTGOING
"5/30/20, 11:19 AM",OUTGOING
"5/30/20, 11:19 AM",OUTGOING
"5/29/20, 1:41 PM",OUTGOING
"5/29/20, 1:11 PM",OUTGOING
"5/29/20, 1:06 PM",OUTGOING
"5/29/20, 1:06 PM",OUTGOING
"5/29/20, 1:51 AM",OUTGOING
"5/27/20, 6:37 AM",OUTGOING
"5/26/20, 1:14 PM",OUTGOING
"5/26/20, 8:39 AM",OUTGOING
"5/26/20, 8:39 AM",OUTGOING
"5/26/20, 8:39 AM",OUTGOING
"5/26/20, 8:39 AM",OUTGOING
"5/26/20, 8:38 AM",OUTGOING
"5/26/20, 6:23 AM",OUTGOING
"5/26/20, 6:13 AM",OUTGOING
"5/26/20, 5:58 AM",OUTGOING
"5/26/20, 5:57 AM",OUTGOING
"5/25/20, 10:44 PM",OUTGOING
"5/25/20, 10:44 PM",OUTGOING
"5/25/20, 11:21 AM",OUTGOING
"5/25/20, 12:23 AM",OUTGOING
"5/24/20, 4:21 AM",OUTGOING
"5/21/20, 10:44 PM",OUTGOING
"5/21/20, 10:36 PM",OUTGOING
"5/21/20, 4:47 AM",OUTGOING
"5/21/20, 4:42 AM",OUTGOING
"5/19/20, 9:46 PM",OUTGOING
"5/19/20, 9:45 PM",OUTGOING
"5/19/20, 5:21 AM",OUTGOING
"5/19/20, 5:18 AM",OUTGOING
"5/19/20, 12:27 AM",OUTGOING
"5/19/20, 12:27 AM",OUTGOING
"5/18/20, 8:39 PM",OUTGOING
"5/18/20, 8:27 PM",OUTGOING
"5/18/20, 8:19 PM",OUTGOING
"5/18/20, 8:19 PM",OUTGOING
"5/18/20, 8:19 PM",OUTGOING
"5/18/20, 8:11 PM",OUTGOING
"5/18/20, 8:10 PM",OUTGOING
"5/18/20, 8:10 PM",OUTGOING
"5/18/20, 8:07 PM",OUTGOING
"5/18/20, 8:06 PM",OUTGOING
"5/18/20, 8:06 PM",OUTGOING
"5/18/20, 8:06 PM",OUTGOING
"5/18/20, 6:53 PM",OUTGOING
"5/18/20, 1:20 AM",OUTGOING
"5/17/20, 8:22 PM",OUTGOING
"5/17/20, 8:20 PM",OUTGOING
"5/15/20, 7:43 PM",OUTGOING
"5/15/20, 7:38 PM",OUTGOING
"5/15/20, 7:38 PM",OUTGOING
"5/15/20, 7:37 PM",OUTGOING
"5/15/20, 7:37 PM",OUTGOING
"5/15/20, 7:37 PM",OUTGOING
"5/15/20, 7:37 PM",OUTGOING
"5/15/20, 7:37 PM",OUTGOING
"5/15/20, 7:37 PM",OUTGOING
"5/15/20, 7:37 PM",OUTGOING
"5/15/20, 7:37 PM",OUTGOING
"5/15/20, 7:37 PM",OUTGOING
"5/15/20, 7:37 PM",OUTGOING
"5/15/20, 7:32 PM",OUTGOING
"5/15/20, 7:32 PM",OUTGOING
"5/15/20, 7:24 PM",OUTGOING
"5/15/20, 7:23 PM",OUTGOING
"5/15/20, 3:04 PM",OUTGOING
"5/15/20, 8:56 AM",OUTGOING
"5/13/20, 9:49 AM",OUTGOING
"5/13/20, 9:46 AM",OUTGOING
"5/13/20, 9:46 AM",OUTGOING
"5/13/20, 9:46 AM",OUTGOING
"5/13/20, 9:46 AM",OUTGOING
"5/13/20, 9:45 AM",OUTGOING
"5/13/20, 9:45 AM",OUTGOING
"5/13/20, 9:44 AM",OUTGOING
"5/12/20, 9:58 AM",OUTGOING
"5/12/20, 9:58 AM",OUTGOING
"5/12/20, 9:57 AM",OUTGOING
"5/12/20, 9:58 AM",OUTGOING
"5/12/20, 9:56 AM",OUTGOING
"5/12/20, 9:54 AM",OUTGOING
"5/12/20, 9:50 AM",OUTGOING
"5/12/20, 9:50 AM",OUTGOING
"5/11/20, 9:34 AM",OUTGOING
"5/11/20, 9:26 AM",OUTGOING
"5/10/20, 12:06 PM",OUTGOING
"5/10/20, 12:03 AM",OUTGOING
"5/9/20, 11:55 PM",OUTGOING
"5/9/20, 9:32 PM",OUTGOING
"5/9/20, 9:32 PM",OUTGOING
"5/9/20, 9:32 PM",OUTGOING
"5/9/20, 9:32 PM",OUTGOING
"5/9/20, 9:32 PM",OUTGOING
"5/9/20, 9:31 PM",OUTGOING
"5/9/20, 8:15 PM",OUTGOING
"5/9/20, 8:15 PM",OUTGOING
"5/8/20, 4:58 PM",OUTGOING
"5/8/20, 10:21 AM",OUTGOING
"5/8/20, 10:20 AM",OUTGOING
"5/8/20, 9:27 AM",OUTGOING
"5/7/20, 5:47 PM",OUTGOING
"5/7/20, 5:46 PM",OUTGOING
"5/7/20, 8:48 AM",OUTGOING
"5/7/20, 6:19 AM",OUTGOING
"5/7/20, 6:18 AM",OUTGOING
"5/7/20, 5:36 AM",OUTGOING
"5/7/20, 2:46 AM",OUTGOING
"5/7/20, 2:46 AM",OUTGOING
"5/7/20, 12:02 AM",OUTGOING
"5/6/20, 11:55 PM",OUTGOING
"5/6/20, 11:41 PM",OUTGOING
"5/6/20, 2:34 PM",OUTGOING
"5/6/20, 2:34 PM",OUTGOING
"5/6/20, 2:34 PM",OUTGOING
"5/6/20, 2:33 PM",OUTGOING
"5/6/20, 11:22 AM",OUTGOING
"5/6/20, 11:21 AM",OUTGOING
"5/6/20, 11:20 AM",OUTGOING
"5/6/20, 11:20 AM",OUTGOING
"5/6/20, 3:20 AM",OUTGOING
"5/4/20, 10:59 AM",OUTGOING
"5/4/20, 10:59 AM",OUTGOING
"5/4/20, 9:51 AM",OUTGOING
"5/4/20, 9:51 AM",OUTGOING
"5/4/20, 8:32 AM",OUTGOING
"5/4/20, 2:41 AM",OUTGOING
"5/4/20, 2:40 AM",OUTGOING
"5/4/20, 2:38 AM",OUTGOING
"5/3/20, 3:53 PM",OUTGOING
"5/3/20, 6:14 AM",OUTGOING
"5/3/20, 1:33 AM",OUTGOING
"5/3/20, 1:31 AM",OUTGOING
"5/3/20, 1:03 AM",OUTGOING
"5/3/20, 1:02 AM",OUTGOING
"5/3/20, 12:55 AM",OUTGOING
"5/3/20, 12:22 AM",OUTGOING
"5/2/20, 2:16 PM",OUTGOING
"5/2/20, 8:34 AM",OUTGOING
"5/2/20, 8:20 AM",OUTGOING
"5/1/20, 11:44 AM",OUTGOING
"4/28/20, 12:16 PM",OUTGOING
"4/27/20, 2:05 PM",OUTGOING
"4/26/20, 8:43 PM",OUTGOING
"4/25/20, 3:26 AM",OUTGOING
"4/16/20, 5:57 AM",OUTGOING
"4/11/20, 11:41 PM",OUTGOING
"4/11/20, 6:02 PM",OUTGOING
"4/11/20, 6:02 PM",OUTGOING
"4/11/20, 6:02 PM",OUTGOING
"4/11/20, 6:01 PM",OUTGOING
"4/11/20, 6:02 PM",OUTGOING
"4/11/20, 5:38 PM",OUTGOING
"4/11/20, 10:50 AM",OUTGOING
"4/7/20, 2:27 PM",OUTGOING
"3/22/20, 6:07 AM",OUTGOING
"3/22/20, 6:06 AM",OUTGOING
"3/21/20, 6:41 PM",OUTGOING
"3/8/20, 4:34 AM",OUTGOING
"3/8/20, 4:33 AM",OUTGOING
"3/1/20, 7:49 PM",OUTGOING
"2/20/20, 1:01 PM",OUTGOING
"2/11/20, 10:07 AM",OUTGOING
"1/24/20, 11:14 AM",OUTGOING
"1/20/20, 11:01 AM",OUTGOING
"1/8/20, 5:15 PM",OUTGOING
"1/7/20, 5:28 AM",OUTGOING
"12/21/19, 9:32 AM",OUTGOING
"12/14/19, 10:58 AM",OUTGOING
"12/14/19, 3:57 AM",OUTGOING
"10/21/20, 9:38 AM",INCOMING
"10/21/20, 6:20 AM",INCOMING
"10/21/20, 12:03 AM",INCOMING
"10/20/20, 11:52 PM",INCOMING
"10/20/20, 7:30 PM",INCOMING
"10/20/20, 1:01 PM",INCOMING
"10/20/20, 6:12 AM",INCOMING
"10/19/20, 9:05 AM",INCOMING
"10/19/20, 8:42 AM",INCOMING
"10/18/20, 8:34 AM",INCOMING
"10/17/20, 1:10 PM",INCOMING
"10/16/20, 6:31 AM",INCOMING
"10/16/20, 6:21 AM",INCOMING
"10/16/20, 4:34 AM",INCOMING
"10/16/20, 4:23 AM",INCOMING
"10/16/20, 2:51 AM",INCOMING
"10/15/20, 2:24 PM",INCOMING
"10/14/20, 9:27 PM",INCOMING
"10/14/20, 8:23 AM",INCOMING
"10/14/20, 12:26 AM",INCOMING
"10/12/20, 9:14 PM",INCOMING
"10/12/20, 9:02 PM",INCOMING
"10/12/20, 8:46 AM",INCOMING
"10/12/20, 5:08 AM",INCOMING
"10/12/20, 3:45 AM",INCOMING
"10/11/20, 12:20 PM",INCOMING
"10/11/20, 7:47 AM",INCOMING
"10/11/20, 3:07 AM",INCOMING
"10/10/20, 5:40 AM",INCOMING
"10/9/20, 11:40 PM",INCOMING
"10/8/20, 8:57 PM",INCOMING
"10/8/20, 10:57 AM",INCOMING
"10/8/20, 9:13 AM",INCOMING
"10/8/20, 6:52 AM",INCOMING
"10/8/20, 2:01 AM",INCOMING
"10/8/20, 1:37 AM",INCOMING
"10/7/20, 9:55 PM",INCOMING
"10/7/20, 7:10 PM",INCOMING
"10/7/20, 5:08 AM",INCOMING
"10/7/20, 2:20 AM",INCOMING
"10/6/20, 10:30 AM",INCOMING
"10/6/20, 9:40 AM",INCOMING
"10/6/20, 2:21 AM",INCOMING
"10/5/20, 12:52 AM",INCOMING
"10/4/20, 7:40 PM",INCOMING
"10/4/20, 8:26 AM",INCOMING
"10/3/20, 8:10 PM",INCOMING
"10/3/20, 1:40 PM",INCOMING
"10/2/20, 9:10 PM",INCOMING
"10/2/20, 11:41 AM",INCOMING
"10/1/20, 11:05 PM",INCOMING
"10/1/20, 8:40 AM",INCOMING
"10/1/20, 6:08 AM",INCOMING
"9/30/20, 11:21 PM",INCOMING
"9/30/20, 8:15 PM",INCOMING
"9/30/20, 1:59 AM",INCOMING
"9/29/20, 6:13 AM",INCOMING
"9/29/20, 5:48 AM",INCOMING
"9/29/20, 3:11 AM",INCOMING
"9/28/20, 12:31 PM",INCOMING
"9/28/20, 5:30 AM",INCOMING
"9/26/20, 8:35 AM",INCOMING
"9/26/20, 5:48 AM",INCOMING
"9/25/20, 3:55 PM",INCOMING
"9/24/20, 11:02 PM",INCOMING
"9/24/20, 6:42 AM",INCOMING
"9/24/20, 1:53 AM",INCOMING
"9/23/20, 11:14 PM",INCOMING
"9/23/20, 4:11 PM",INCOMING
"9/23/20, 12:44 AM",INCOMING
"9/23/20, 12:29 AM",INCOMING
"9/22/20, 8:12 PM",INCOMING
"9/22/20, 6:29 PM",INCOMING
"9/22/20, 12:11 AM",INCOMING
"9/21/20, 9:16 PM",INCOMING
"9/21/20, 5:33 AM",INCOMING
"9/21/20, 4:59 AM",INCOMING
"9/21/20, 4:34 AM",INCOMING
"9/20/20, 9:19 AM",INCOMING
"9/20/20, 6:26 AM",INCOMING
"9/20/20, 2:04 AM",INCOMING
"9/19/20, 8:06 AM",INCOMING
"9/19/20, 1:01 AM",INCOMING
"9/18/20, 1:00 PM",INCOMING
"9/18/20, 11:09 AM",INCOMING
"9/18/20, 7:01 AM",INCOMING
"9/18/20, 12:28 AM",INCOMING
"9/17/20, 5:41 AM",INCOMING
"9/16/20, 10:56 AM",INCOMING
"9/16/20, 6:48 AM",INCOMING
"9/16/20, 5:00 AM",INCOMING
"9/15/20, 3:58 PM",INCOMING
"9/14/20, 8:57 PM",INCOMING
"9/14/20, 12:02 PM",INCOMING
"9/14/20, 4:43 AM",INCOMING
"9/14/20, 12:17 AM",INCOMING
"9/13/20, 11:35 PM",INCOMING
"9/13/20, 10:37 AM",INCOMING
"7/27/20, 1:10 AM",INCOMING
"9/13/20, 3:41 AM",INCOMING
"9/13/20, 2:18 AM",INCOMING
"9/12/20, 10:48 AM",INCOMING
"9/12/20, 6:23 AM",INCOMING
"9/12/20, 5:10 AM",INCOMING
"9/12/20, 12:50 AM",INCOMING
"9/12/20, 12:50 AM",INCOMING
"9/12/20, 12:08 AM",INCOMING
"9/11/20, 11:36 PM",INCOMING
"9/11/20, 10:32 AM",INCOMING
"9/10/20, 10:29 AM",INCOMING
"9/10/20, 9:06 AM",INCOMING
"9/9/20, 4:53 AM",INCOMING
"9/9/20, 1:31 AM",INCOMING
"9/8/20, 10:31 PM",INCOMING
"9/8/20, 8:25 PM",INCOMING
"9/8/20, 9:33 AM",INCOMING
"9/8/20, 7:18 AM",INCOMING
"9/8/20, 3:59 AM",INCOMING
"9/7/20, 8:49 PM",INCOMING
"9/7/20, 4:01 AM",INCOMING
"9/5/20, 11:36 PM",INCOMING
"9/5/20, 11:50 AM",INCOMING
"9/5/20, 10:38 AM",INCOMING
"9/4/20, 10:22 PM",INCOMING
"9/4/20, 10:20 AM",INCOMING
"9/4/20, 1:37 AM",INCOMING
"9/3/20, 11:01 AM",INCOMING
"9/3/20, 10:10 AM",INCOMING
"9/3/20, 1:20 AM",INCOMING
"9/2/20, 9:02 PM",INCOMING
"9/2/20, 7:39 PM",INCOMING
"9/2/20, 1:25 AM",INCOMING
"9/1/20, 5:44 AM",INCOMING
"8/31/20, 1:55 PM",INCOMING
"8/31/20, 11:28 AM",INCOMING
"8/31/20, 9:13 AM",INCOMING
"8/31/20, 4:25 AM",INCOMING
"8/31/20, 12:44 AM",INCOMING
"8/30/20, 9:52 PM",INCOMING
"8/30/20, 7:33 AM",INCOMING
"8/29/20, 11:19 PM",INCOMING
"8/29/20, 9:33 PM",INCOMING
"8/28/20, 7:42 PM",INCOMING
"8/28/20, 1:43 AM",INCOMING
"8/28/20, 1:00 AM",INCOMING
"8/28/20, 12:00 AM",INCOMING
"8/27/20, 11:40 AM",INCOMING
"8/27/20, 11:13 AM",INCOMING
"8/27/20, 10:58 AM",INCOMING
"8/27/20, 6:10 AM",INCOMING
"8/27/20, 4:58 AM",INCOMING
"8/26/20, 10:15 PM",INCOMING
"8/26/20, 9:23 PM",INCOMING
"8/26/20, 5:57 PM",INCOMING
"8/26/20, 5:12 AM",INCOMING
"8/25/20, 8:20 PM",INCOMING
"8/25/20, 5:49 AM",INCOMING
"8/25/20, 1:16 AM",INCOMING
"8/24/20, 8:29 AM",INCOMING
"8/23/20, 11:31 PM",INCOMING
"8/23/20, 2:45 PM",INCOMING
"8/23/20, 3:28 AM",INCOMING
"8/22/20, 8:31 PM",INCOMING
"8/22/20, 8:06 PM",INCOMING
"8/22/20, 8:00 PM",INCOMING
"8/22/20, 1:58 AM",INCOMING
"8/22/20, 12:11 AM",INCOMING
"8/21/20, 7:14 AM",INCOMING
"8/20/20, 1:06 PM",INCOMING
"8/20/20, 10:07 AM",INCOMING
"8/20/20, 4:52 AM",INCOMING
"8/19/20, 8:12 PM",INCOMING
"8/19/20, 9:53 AM",INCOMING
"8/19/20, 9:33 AM",INCOMING
"8/19/20, 7:13 AM",INCOMING
"8/19/20, 6:58 AM",INCOMING
"8/18/20, 5:51 PM",INCOMING
"8/18/20, 9:22 AM",INCOMING
"8/18/20, 7:58 AM",INCOMING
"8/18/20, 6:26 AM",INCOMING
"8/17/20, 5:07 AM",INCOMING
"8/17/20, 2:35 AM",INCOMING
"8/17/20, 1:25 AM",INCOMING
"8/16/20, 11:58 AM",INCOMING
"8/16/20, 12:03 AM",INCOMING
"8/15/20, 4:49 PM",INCOMING
"8/15/20, 1:12 PM",INCOMING
"8/15/20, 6:39 AM",INCOMING
"8/14/20, 10:59 PM",INCOMING
"8/14/20, 11:52 AM",INCOMING
"8/14/20, 9:45 AM",INCOMING
"8/14/20, 7:59 AM",INCOMING
"8/14/20, 12:15 AM",INCOMING
"8/13/20, 7:42 AM",INCOMING
"8/13/20, 5:24 AM",INCOMING
"8/12/20, 11:06 PM",INCOMING
"8/9/20, 8:18 PM",INCOMING
"8/3/20, 12:36 AM",INCOMING
"8/13/20, 7:57 AM",INCOMING
"8/12/20, 11:07 AM",INCOMING
"8/12/20, 1:21 AM",INCOMING
"8/11/20, 10:14 PM",INCOMING
"8/11/20, 8:57 PM",INCOMING
"8/11/20, 7:30 PM",INCOMING
"8/11/20, 8:35 AM",INCOMING
"8/10/20, 11:12 AM",INCOMING
"8/10/20, 10:43 AM",INCOMING
"8/10/20, 4:42 AM",INCOMING
"8/10/20, 1:34 AM",INCOMING
"8/9/20, 11:49 PM",INCOMING
"8/9/20, 5:26 AM",INCOMING
"8/9/20, 2:23 AM",INCOMING
"8/9/20, 1:39 AM",INCOMING
"8/8/20, 5:46 PM",INCOMING
"8/8/20, 6:48 AM",INCOMING
"8/6/20, 11:16 AM",INCOMING
"8/6/20, 9:47 AM",INCOMING
"8/6/20, 3:24 AM",INCOMING
"8/5/20, 10:59 PM",INCOMING
"8/5/20, 10:42 AM",INCOMING
"8/4/20, 11:14 PM",INCOMING
"8/4/20, 9:55 PM",INCOMING
"8/3/20, 11:12 AM",INCOMING
"8/3/20, 9:07 AM",INCOMING
"8/3/20, 8:24 AM",INCOMING
"8/3/20, 2:46 AM",INCOMING
"8/2/20, 9:12 PM",INCOMING
"8/2/20, 10:45 AM",INCOMING
"8/2/20, 2:23 AM",INCOMING
"8/1/20, 8:23 PM",INCOMING
"8/1/20, 9:51 AM",INCOMING
"8/1/20, 6:33 AM",INCOMING
"7/31/20, 1:21 PM",INCOMING
"7/31/20, 10:50 AM",INCOMING
"7/31/20, 10:38 AM",INCOMING
"7/30/20, 9:38 PM",INCOMING
"7/30/20, 10:35 AM",INCOMING
"7/29/20, 9:53 PM",INCOMING
"7/29/20, 7:51 AM",INCOMING
"7/29/20, 7:37 AM",INCOMING
"7/29/20, 1:47 AM",INCOMING
"7/28/20, 11:31 PM",INCOMING
"7/28/20, 5:05 PM",INCOMING
"7/28/20, 11:32 AM",INCOMING
"7/28/20, 7:16 AM",INCOMING
"7/27/20, 10:17 AM",INCOMING
"7/26/20, 8:38 PM",INCOMING
"7/26/20, 6:04 AM",INCOMING
"7/26/20, 6:00 AM",INCOMING
"7/25/20, 3:47 AM",INCOMING
"7/25/20, 1:39 AM",INCOMING
"7/24/20, 5:49 AM",INCOMING
"7/24/20, 2:29 AM",INCOMING
"7/24/20, 1:48 AM",INCOMING
"7/24/20, 1:17 AM",INCOMING
"7/23/20, 9:18 AM",INCOMING
"7/23/20, 8:02 AM",INCOMING
"7/23/20, 7:14 AM",INCOMING
"7/22/20, 5:04 AM",INCOMING
"7/22/20, 4:19 AM",INCOMING
"7/22/20, 3:13 AM",INCOMING
"7/21/20, 10:21 PM",INCOMING
"7/21/20, 9:36 PM",INCOMING
"7/21/20, 8:55 PM",INCOMING
"7/21/20, 12:55 PM",INCOMING
"7/21/20, 4:43 AM",INCOMING
"7/21/20, 2:17 AM",INCOMING
"7/20/20, 10:07 AM",INCOMING
"7/20/20, 6:11 AM",INCOMING
"7/20/20, 2:27 AM",INCOMING
"7/19/20, 8:34 PM",INCOMING
"7/19/20, 11:21 AM",INCOMING
"7/19/20, 5:13 AM",INCOMING
"7/18/20, 9:53 AM",INCOMING
"7/18/20, 1:14 AM",INCOMING
"7/17/20, 10:38 PM",INCOMING
"7/17/20, 7:08 PM",INCOMING
"7/17/20, 10:00 AM",INCOMING
"7/17/20, 7:58 AM",INCOMING
"7/17/20, 7:30 AM",INCOMING
"7/16/20, 5:36 AM",INCOMING
"7/15/20, 9:15 PM",INCOMING
"7/15/20, 1:54 PM",INCOMING
"7/15/20, 7:34 AM",INCOMING
"7/15/20, 6:00 AM",INCOMING
"7/14/20, 8:28 PM",INCOMING
"7/14/20, 12:56 PM",INCOMING
"7/14/20, 9:38 AM",INCOMING
"7/14/20, 6:45 AM",INCOMING
"7/14/20, 6:01 AM",INCOMING
"7/14/20, 3:07 AM",INCOMING
"7/14/20, 1:30 AM",INCOMING
"7/13/20, 5:43 PM",INCOMING
"7/13/20, 5:39 AM",INCOMING
"7/13/20, 4:34 AM",INCOMING
"7/12/20, 11:57 PM",INCOMING
"7/12/20, 11:59 AM",INCOMING
"7/12/20, 5:39 AM",INCOMING
"7/11/20, 1:06 PM",INCOMING
"7/11/20, 10:38 AM",INCOMING
"7/11/20, 9:09 AM",INCOMING
"7/11/20, 4:55 AM",INCOMING
"7/10/20, 11:48 PM",INCOMING
"7/10/20, 8:32 PM",INCOMING
"7/10/20, 3:20 PM",INCOMING
"7/10/20, 5:34 AM",INCOMING
"7/10/20, 3:02 AM",INCOMING
"7/9/20, 8:25 PM",INCOMING
"7/9/20, 6:53 PM",INCOMING
"7/9/20, 9:31 AM",INCOMING
"7/9/20, 6:54 AM",INCOMING
"7/9/20, 5:03 AM",INCOMING
"7/9/20, 3:09 AM",INCOMING
"7/9/20, 3:08 AM",INCOMING
"7/9/20, 2:37 AM",INCOMING
"7/9/20, 1:57 AM",INCOMING
"7/8/20, 11:00 PM",INCOMING
"7/8/20, 9:28 PM",INCOMING
"7/8/20, 9:13 PM",INCOMING
"7/8/20, 8:58 PM",INCOMING
"7/8/20, 7:31 AM",INCOMING
"7/8/20, 12:02 AM",INCOMING
"7/7/20, 11:10 PM",INCOMING
"7/7/20, 9:59 PM",INCOMING
"7/7/20, 5:41 PM",INCOMING
"7/7/20, 2:23 PM",INCOMING
"7/7/20, 6:29 AM",INCOMING
"7/6/20, 11:55 PM",INCOMING
"7/6/20, 11:13 AM",INCOMING
"7/6/20, 6:53 AM",INCOMING
"7/6/20, 5:42 AM",INCOMING
"7/6/20, 5:10 AM",INCOMING
"7/6/20, 4:19 AM",INCOMING
"7/5/20, 11:28 PM",INCOMING
"7/5/20, 7:49 PM",INCOMING
"7/4/20, 10:42 PM",INCOMING
"7/4/20, 6:56 PM",INCOMING
"7/4/20, 2:28 PM",INCOMING
"7/4/20, 9:09 AM",INCOMING
"7/3/20, 11:26 AM",INCOMING
"7/3/20, 8:18 AM",INCOMING
"7/3/20, 8:07 AM",INCOMING
"7/3/20, 6:40 AM",INCOMING
"7/3/20, 5:24 AM",INCOMING
"7/3/20, 3:18 AM",INCOMING
"7/3/20, 2:33 AM",INCOMING
"7/3/20, 12:58 AM",INCOMING
"7/3/20, 12:41 AM",INCOMING
"7/2/20, 10:54 AM",INCOMING
"7/2/20, 10:45 AM",INCOMING
"7/1/20, 9:36 PM",INCOMING
"7/1/20, 1:55 PM",INCOMING
"7/1/20, 12:23 PM",INCOMING
"7/1/20, 7:35 AM",INCOMING
"6/30/20, 10:53 PM",INCOMING
"6/30/20, 10:10 PM",INCOMING
"6/30/20, 12:44 PM",INCOMING
"6/30/20, 7:50 AM",INCOMING
"6/30/20, 5:44 AM",INCOMING
"6/30/20, 3:41 AM",INCOMING
"6/30/20, 1:32 AM",INCOMING
"6/30/20, 1:03 AM",INCOMING
"6/29/20, 10:51 PM",INCOMING
"6/29/20, 8:05 PM",INCOMING
"6/29/20, 10:50 AM",INCOMING
"6/29/20, 10:42 AM",INCOMING
"6/29/20, 8:44 AM",INCOMING
"6/28/20, 10:38 AM",INCOMING
"6/27/20, 8:32 AM",INCOMING
"6/27/20, 5:55 AM",INCOMING
"6/26/20, 11:51 PM",INCOMING
"6/26/20, 10:28 AM",INCOMING
"6/26/20, 5:06 AM",INCOMING
"6/25/20, 10:29 AM",INCOMING
"6/25/20, 8:12 AM",INCOMING
"6/25/20, 6:07 AM",INCOMING
"6/24/20, 7:01 PM",INCOMING
"6/24/20, 1:43 PM",INCOMING
"6/24/20, 4:50 AM",INCOMING
"6/24/20, 2:41 AM",INCOMING
"6/23/20, 9:11 PM",INCOMING
"6/23/20, 8:38 PM",INCOMING
"6/23/20, 10:14 AM",INCOMING
"6/23/20, 9:32 AM",INCOMING
"6/23/20, 7:28 AM",INCOMING
"6/23/20, 4:51 AM",INCOMING
"6/22/20, 10:37 PM",INCOMING
"6/22/20, 9:27 PM",INCOMING
"6/22/20, 7:35 PM",INCOMING
"6/22/20, 8:18 AM",INCOMING
"6/22/20, 6:04 AM",INCOMING
"6/22/20, 2:42 AM",INCOMING
"6/21/20, 11:14 PM",INCOMING
"6/21/20, 9:49 PM",INCOMING
"6/21/20, 6:39 PM",INCOMING
"6/21/20, 9:55 AM",INCOMING
"6/21/20, 2:48 AM",INCOMING
"6/21/20, 1:08 AM",INCOMING
"6/20/20, 11:09 AM",INCOMING
"6/20/20, 6:54 AM",INCOMING
"6/20/20, 6:30 AM",INCOMING
"6/20/20, 4:35 AM",INCOMING
"6/19/20, 11:30 AM",INCOMING
"6/19/20, 9:32 AM",INCOMING
"6/19/20, 2:27 AM",INCOMING
"6/18/20, 10:13 PM",INCOMING
"6/18/20, 9:08 PM",INCOMING
"6/18/20, 5:58 PM",INCOMING
"6/18/20, 10:32 AM",INCOMING
"6/18/20, 2:01 AM",INCOMING
"6/17/20, 11:21 PM",INCOMING
"6/17/20, 10:10 PM",INCOMING
"6/16/20, 5:28 PM",INCOMING
"6/16/20, 10:18 AM",INCOMING
"6/16/20, 8:45 AM",INCOMING
"6/16/20, 3:00 AM",INCOMING
"6/15/20, 9:26 PM",INCOMING
"6/15/20, 12:20 PM",INCOMING
"6/15/20, 9:23 AM",INCOMING
"6/15/20, 7:32 AM",INCOMING
"6/15/20, 5:52 AM",INCOMING
"6/14/20, 10:19 PM",INCOMING
"6/14/20, 9:04 AM",INCOMING
"6/13/20, 11:44 PM",INCOMING
"6/13/20, 11:31 PM",INCOMING
"6/13/20, 10:57 PM",INCOMING
"6/13/20, 7:59 PM",INCOMING
"6/13/20, 8:31 AM",INCOMING
"6/13/20, 2:18 AM",INCOMING
"6/12/20, 9:42 AM",INCOMING
"6/12/20, 5:16 AM",INCOMING
"6/11/20, 9:40 AM",INCOMING
"6/11/20, 9:04 AM",INCOMING
"6/11/20, 7:26 AM",INCOMING
"6/10/20, 3:56 AM",INCOMING
"6/9/20, 8:07 PM",INCOMING
"6/9/20, 2:31 AM",INCOMING
"6/9/20, 1:33 AM",INCOMING
"6/8/20, 10:57 PM",INCOMING
"6/8/20, 8:47 PM",INCOMING
"6/8/20, 5:20 PM",INCOMING
"6/8/20, 10:05 AM",INCOMING
"6/8/20, 6:28 AM",INCOMING
"6/8/20, 6:24 AM",INCOMING
"6/8/20, 4:57 AM",INCOMING
"6/8/20, 4:43 AM",INCOMING
"6/8/20, 1:40 AM",INCOMING
"6/7/20, 10:10 PM",INCOMING
"6/7/20, 10:11 AM",INCOMING
"6/7/20, 9:52 AM",INCOMING
"6/7/20, 1:20 AM",INCOMING
"6/6/20, 8:17 PM",INCOMING
"6/6/20, 7:47 PM",INCOMING
"6/6/20, 6:49 PM",INCOMING
"6/6/20, 4:12 AM",INCOMING
"6/5/20, 9:16 PM",INCOMING
"6/5/20, 9:39 AM",INCOMING
"6/5/20, 9:21 AM",INCOMING
"6/5/20, 4:58 AM",INCOMING
"6/5/20, 2:24 AM",INCOMING
"6/5/20, 1:16 AM",INCOMING
"6/4/20, 8:13 PM",INCOMING
"6/4/20, 1:31 AM",INCOMING
"6/3/20, 11:15 PM",INCOMING
"6/3/20, 12:55 PM",INCOMING
"6/3/20, 12:20 PM",INCOMING
"6/3/20, 11:00 AM",INCOMING
"6/3/20, 9:28 AM",INCOMING
"6/3/20, 8:31 AM",INCOMING
"6/3/20, 8:09 AM",INCOMING
"6/2/20, 9:35 PM",INCOMING
"6/2/20, 11:25 AM",INCOMING
"6/2/20, 11:12 AM",INCOMING
"6/2/20, 10:34 AM",INCOMING
"6/2/20, 6:41 AM",INCOMING
"6/2/20, 5:46 AM",INCOMING
"6/2/20, 3:31 AM",INCOMING
"6/2/20, 12:41 AM",INCOMING
"6/2/20, 12:27 AM",INCOMING
"6/1/20, 10:27 PM",INCOMING
"6/1/20, 8:57 AM",INCOMING
"5/31/20, 12:15 AM",INCOMING
"5/30/20, 10:04 AM",INCOMING
"5/30/20, 9:58 AM",INCOMING
"5/30/20, 9:15 AM",INCOMING
"5/30/20, 8:48 AM",INCOMING
"5/29/20, 3:33 AM",INCOMING
"5/29/20, 3:00 AM",INCOMING
"5/28/20, 6:02 PM",INCOMING
"5/28/20, 11:45 AM",INCOMING
"5/27/20, 11:11 PM",INCOMING
"5/27/20, 10:46 PM",INCOMING
"5/27/20, 11:37 AM",INCOMING
"5/27/20, 11:18 AM",INCOMING
"5/27/20, 8:45 AM",INCOMING
"5/27/20, 8:33 AM",INCOMING
"5/26/20, 9:00 AM",INCOMING
"5/26/20, 8:03 AM",INCOMING
"5/26/20, 7:51 AM",INCOMING
"5/26/20, 6:11 AM",INCOMING
"5/26/20, 6:08 AM",INCOMING
"5/25/20, 11:20 PM",INCOMING
"5/25/20, 9:33 PM",INCOMING
"5/25/20, 9:20 PM",INCOMING
"5/25/20, 9:02 PM",INCOMING
"5/25/20, 1:26 AM",INCOMING
"5/24/20, 11:50 AM",INCOMING
"5/24/20, 5:01 AM",INCOMING
"5/23/20, 8:26 AM",INCOMING
"5/23/20, 4:06 AM",INCOMING
"5/23/20, 2:51 AM",INCOMING
"5/22/20, 8:41 PM",INCOMING
"5/22/20, 9:10 AM",INCOMING
"5/22/20, 8:05 AM",INCOMING
"5/21/20, 10:13 PM",INCOMING
"5/21/20, 10:35 AM",INCOMING
"5/21/20, 5:22 AM",INCOMING
"5/21/20, 4:14 AM",INCOMING
"5/21/20, 12:58 AM",INCOMING
"5/20/20, 7:26 PM",INCOMING
"5/20/20, 11:37 AM",INCOMING
"5/20/20, 7:02 AM",INCOMING
"5/19/20, 8:44 PM",INCOMING
"5/19/20, 8:39 PM",INCOMING
"5/19/20, 7:33 PM",INCOMING
"5/19/20, 10:21 AM",INCOMING
"5/19/20, 1:38 AM",INCOMING
"5/19/20, 1:19 AM",INCOMING
"5/19/20, 12:04 AM",INCOMING
"5/18/20, 6:10 PM",INCOMING
"5/18/20, 10:24 AM",INCOMING
"5/18/20, 10:01 AM",INCOMING
"5/18/20, 9:18 AM",INCOMING
"5/18/20, 7:13 AM",INCOMING
"5/18/20, 5:48 AM",INCOMING
"5/18/20, 12:51 AM",INCOMING
"5/17/20, 1:22 PM",INCOMING
"5/17/20, 7:50 AM",INCOMING
"5/17/20, 6:09 AM",INCOMING
"5/17/20, 5:48 AM",INCOMING
"5/16/20, 10:11 PM",INCOMING
"5/16/20, 9:09 PM",INCOMING
"5/16/20, 10:26 AM",INCOMING
"5/15/20, 3:08 PM",INCOMING
"5/15/20, 12:25 PM",INCOMING
"5/15/20, 11:06 AM",INCOMING
"5/15/20, 8:01 AM",INCOMING
"5/14/20, 11:46 AM",INCOMING
"5/14/20, 6:45 AM",INCOMING
"5/14/20, 4:05 AM",INCOMING
"5/14/20, 2:47 AM",INCOMING
"5/13/20, 9:21 PM",INCOMING
"5/13/20, 6:42 AM",INCOMING
"5/13/20, 4:44 AM",INCOMING
"5/13/20, 3:49 AM",INCOMING
"5/13/20, 12:53 AM",INCOMING
"5/12/20, 1:43 PM",INCOMING
"5/12/20, 4:36 AM",INCOMING
"5/12/20, 2:48 AM",INCOMING
"5/12/20, 2:21 AM",INCOMING
"5/11/20, 6:39 AM",INCOMING
"5/11/20, 4:40 AM",INCOMING
"5/11/20, 4:07 AM",INCOMING
"5/11/20, 4:00 AM",INCOMING
"5/11/20, 2:56 AM",INCOMING
"5/11/20, 2:20 AM",INCOMING
"5/10/20, 10:37 PM",INCOMING
"5/10/20, 10:22 PM",INCOMING
"5/10/20, 9:54 PM",INCOMING
"5/10/20, 8:19 PM",INCOMING
"5/10/20, 10:42 AM",INCOMING
"5/10/20, 10:25 AM",INCOMING
"5/10/20, 9:35 AM",INCOMING
"5/10/20, 8:59 AM",INCOMING
"5/10/20, 7:16 AM",INCOMING
"5/10/20, 6:36 AM",INCOMING
"5/10/20, 5:55 AM",INCOMING
"5/10/20, 5:36 AM",INCOMING
"5/10/20, 5:21 AM",INCOMING
"5/10/20, 2:17 AM",INCOMING
"5/10/20, 1:05 AM",INCOMING
"5/9/20, 11:18 PM",INCOMING
"5/9/20, 8:03 PM",INCOMING
"5/9/20, 7:41 PM",INCOMING
"5/9/20, 6:04 PM",INCOMING
"5/9/20, 4:42 AM",INCOMING
"5/9/20, 4:37 AM",INCOMING
"5/9/20, 4:21 AM",INCOMING
"5/9/20, 1:37 AM",INCOMING
"5/9/20, 1:04 AM",INCOMING
"5/8/20, 11:42 PM",INCOMING
"5/8/20, 11:17 PM",INCOMING
"5/8/20, 11:06 PM",INCOMING
"5/8/20, 9:39 PM",INCOMING
"5/8/20, 8:30 PM",INCOMING
"5/8/20, 7:38 PM",INCOMING
"5/8/20, 7:01 PM",INCOMING
"5/9/20, 12:49 PM",INCOMING
"5/9/20, 12:22 PM",INCOMING
"5/9/20, 12:00 PM",INCOMING
"5/9/20, 11:55 AM",INCOMING
"5/9/20, 10:38 AM",INCOMING
"5/9/20, 10:37 AM",INCOMING
"5/9/20, 10:18 AM",INCOMING
"5/9/20, 9:54 AM",INCOMING
"5/9/20, 9:33 AM",INCOMING
"5/9/20, 7:17 AM",INCOMING
"5/8/20, 11:35 AM",INCOMING
"5/8/20, 9:43 AM",INCOMING
"5/8/20, 8:33 AM",INCOMING
"5/8/20, 8:03 AM",INCOMING
"5/8/20, 8:02 AM",INCOMING
"5/8/20, 7:59 AM",INCOMING
"5/8/20, 6:47 AM",INCOMING
"5/8/20, 6:03 AM",INCOMING
"5/8/20, 5:03 AM",INCOMING
"5/8/20, 5:01 AM",INCOMING
"5/8/20, 3:40 AM",INCOMING
"5/8/20, 2:40 AM",INCOMING
"5/8/20, 2:00 AM",INCOMING
"5/8/20, 1:17 AM",INCOMING
"5/8/20, 12:00 AM",INCOMING
"5/7/20, 10:20 PM",INCOMING
"5/7/20, 9:59 PM",INCOMING
"5/7/20, 9:44 PM",INCOMING
"5/7/20, 7:37 PM",INCOMING
"5/7/20, 2:21 PM",INCOMING
"5/7/20, 12:23 PM",INCOMING
"5/7/20, 10:23 AM",INCOMING
"5/7/20, 9:20 AM",INCOMING
"5/7/20, 9:07 AM",INCOMING
"5/7/20, 8:38 AM",INCOMING
"5/7/20, 8:19 AM",INCOMING
"5/7/20, 8:15 AM",INCOMING
"5/7/20, 8:06 AM",INCOMING
"5/7/20, 7:03 AM",INCOMING
"5/7/20, 6:45 AM",INCOMING
"5/7/20, 6:38 AM",INCOMING
"5/7/20, 6:25 AM",INCOMING
"5/7/20, 4:46 AM",INCOMING
"5/7/20, 2:31 AM",INCOMING
"5/7/20, 1:42 AM",INCOMING
"5/7/20, 1:40 AM",INCOMING
"5/7/20, 1:24 AM",INCOMING
"5/7/20, 1:08 AM",INCOMING
"5/7/20, 12:37 AM",INCOMING
"5/6/20, 10:55 PM",INCOMING
"5/6/20, 9:24 PM",INCOMING
"5/6/20, 8:47 PM",INCOMING
"5/6/20, 8:16 PM",INCOMING
"5/6/20, 12:26 PM",INCOMING
"5/6/20, 12:00 PM",INCOMING
"5/6/20, 11:04 AM",INCOMING
"5/6/20, 10:01 AM",INCOMING
"5/6/20, 8:47 AM",INCOMING
"5/6/20, 8:05 AM",INCOMING
"5/6/20, 7:40 AM",INCOMING
"5/6/20, 7:25 AM",INCOMING
"5/6/20, 6:45 AM",INCOMING
"5/6/20, 6:25 AM",INCOMING
"5/6/20, 6:23 AM",INCOMING
"5/6/20, 6:12 AM",INCOMING
"5/6/20, 6:05 AM",INCOMING
"5/6/20, 5:37 AM",INCOMING
"5/6/20, 5:32 AM",INCOMING
"5/6/20, 4:57 AM",INCOMING
"5/6/20, 3:56 AM",INCOMING
"5/6/20, 3:37 AM",INCOMING
"5/6/20, 3:26 AM",INCOMING
"5/6/20, 3:02 AM",INCOMING
"5/6/20, 2:48 AM",INCOMING
"5/6/20, 2:24 AM",INCOMING
"5/6/20, 2:12 AM",INCOMING
"5/6/20, 2:08 AM",INCOMING
"5/6/20, 1:41 AM",INCOMING
"5/6/20, 12:43 AM",INCOMING
"5/6/20, 12:26 AM",INCOMING
"5/5/20, 10:34 PM",INCOMING
"5/5/20, 5:58 PM",INCOMING
"5/5/20, 1:28 AM",INCOMING
"5/5/20, 12:42 AM",INCOMING
"5/5/20, 12:40 AM",INCOMING
"5/4/20, 11:44 PM",INCOMING
"5/4/20, 10:21 PM",INCOMING
"5/4/20, 9:00 PM",INCOMING
"5/4/20, 6:32 PM",INCOMING
"5/4/20, 6:18 PM",INCOMING
"5/4/20, 12:26 PM",INCOMING
"5/4/20, 11:07 AM",INCOMING
"5/4/20, 9:27 AM",INCOMING
"5/4/20, 8:55 AM",INCOMING
"5/4/20, 5:39 AM",INCOMING
"5/4/20, 2:40 AM",INCOMING
"5/4/20, 1:31 AM",INCOMING
"5/3/20, 10:42 PM",INCOMING
"5/3/20, 9:37 PM",INCOMING
"5/3/20, 7:44 PM",INCOMING
"5/3/20, 12:12 PM",INCOMING
"5/3/20, 10:20 AM",INCOMING
"5/3/20, 8:23 AM",INCOMING
"5/3/20, 7:30 AM",INCOMING
"5/3/20, 5:43 AM",INCOMING
"5/3/20, 2:33 AM",INCOMING
"5/3/20, 2:13 AM",INCOMING
"5/3/20, 1:15 AM",INCOMING
"5/2/20, 11:46 PM",INCOMING
"5/2/20, 10:23 PM",INCOMING
"5/2/20, 10:11 PM",INCOMING
"5/2/20, 10:08 PM",INCOMING
"5/2/20, 2:37 PM",INCOMING
"5/2/20, 11:59 AM",INCOMING
"5/2/20, 11:59 AM",INCOMING
"5/2/20, 11:37 AM",INCOMING
"5/2/20, 11:07 AM",INCOMING
"5/2/20, 10:44 AM",INCOMING
"5/2/20, 9:53 AM",INCOMING
"5/2/20, 9:16 AM",INCOMING
"5/2/20, 8:50 AM",INCOMING
"5/2/20, 8:05 AM",INCOMING
"5/2/20, 7:04 AM",INCOMING
"5/2/20, 6:36 AM",INCOMING
"5/2/20, 5:20 AM",INCOMING
"5/2/20, 2:43 AM",INCOMING
"5/2/20, 12:42 AM",INCOMING
"5/1/20, 11:15 PM",INCOMING
"5/1/20, 3:54 PM",INCOMING
"5/1/20, 12:41 PM",INCOMING
"5/1/20, 11:34 AM",INCOMING
"5/1/20, 4:48 AM",INCOMING
"5/1/20, 4:40 AM",INCOMING
"5/1/20, 2:07 AM",INCOMING
"5/1/20, 12:06 AM",INCOMING
"4/30/20, 11:06 PM",INCOMING
"4/30/20, 5:56 PM",INCOMING
"4/30/20, 9:35 AM",INCOMING
"4/30/20, 9:24 AM",INCOMING
"4/30/20, 7:34 AM",INCOMING
"4/29/20, 10:43 PM",INCOMING
"4/29/20, 7:06 PM",INCOMING
"4/29/20, 11:40 AM",INCOMING
"4/29/20, 8:27 AM",INCOMING
"4/28/20, 8:24 PM",INCOMING
"4/28/20, 9:54 AM",INCOMING
"4/28/20, 8:05 AM",INCOMING
"4/28/20, 2:57 AM",INCOMING
"4/28/20, 2:54 AM",INCOMING
"4/28/20, 12:03 AM",INCOMING
"4/27/20, 1:53 PM",INCOMING
"4/26/20, 8:14 PM",INCOMING
"4/26/20, 7:06 PM",INCOMING
"4/26/20, 12:05 PM",INCOMING
"4/26/20, 8:35 AM",INCOMING
"4/26/20, 1:28 AM",INCOMING
"4/25/20, 4:11 PM",INCOMING
"4/25/20, 5:56 AM",INCOMING
"4/25/20, 1:42 AM",INCOMING
